{
  "project_info": {
    "project_number": "105802156007",
    "firebase_url": "https://lab114b2025-default-rtdb.firebaseio.com",
    "project_id": "lab114b2025",
    "storage_bucket": "lab114b2025.firebasestorage.app"
  },
  "client": [
    {
      "client_info": {
        "mobilesdk_app_id": "1:105802156007:android:ae48d852b7eda7c0281f42",
        "android_client_info": {
          "package_name": "ro.atm.lab114b"
        }
      },
      "oauth_client": [],
      "api_key": [
        {
          "current_key": "AIzaSyCKbvO47l6LUN3SVq3mUzdF9CtdLr72J9M"
        }
      ],
      "services": {
        "appinvite_service": {
          "other_platform_oauth_client": []
        }
      }
    }
  ],
  "configuration_version": "1"
}